
-- 1. type_document

INSERT INTO type_document (id, name, code, description) VALUES
('a1000000-0000-0000-0000-000000000001', 'Cûˋdula de CiudadanûÙa',   'CC',   'Documento nacional de identidad colombiano'),
('a1000000-0000-0000-0000-000000000002', 'Tarjeta de Identidad',   'TI',   'Documento para menores de edad'),
('a1000000-0000-0000-0000-000000000003', 'Cûˋdula de ExtranjerûÙa',  'CE',   'Documento para extranjeros residentes'),
('a1000000-0000-0000-0000-000000000004', 'Pasaporte',              'PAS',  'Documento de viaje internacional'),
('a1000000-0000-0000-0000-000000000005', 'NIT',                    'NIT',  'Nû¤mero de identificaciû°n tributaria'),
('a1000000-0000-0000-0000-000000000006', 'Registro Civil',         'RC',   'Documento de nacimiento'),
('a1000000-0000-0000-0000-000000000007', 'NUIP',                   'NUIP', 'Nû¤mero û¤nico de identificaciû°n personal'),
('a1000000-0000-0000-0000-000000000008', 'Permiso Especial',       'PEP',  'Permiso especial de permanencia'),
('a1000000-0000-0000-0000-000000000009', 'DNI',                    'DNI',  'Documento nacional de identidad'),
('a1000000-0000-0000-0000-000000000010', 'Licencia de Conducciû°n', 'LC',   'Licencia como documento de identidad');



-- 2. person (usuarios/proveedores) // hola mundooo

INSERT INTO person (id, type_document_id, document_number, first_name, last_name, phone, email) VALUES
('b1000000-0000-0000-0000-000000000001', 'a1000000-0000-0000-0000-000000000001', '10001001', 'Carlos',    'RamûÙrez',   '3001000001', 'carlos.ramirez@email.com'),
('b1000000-0000-0000-0000-000000000002', 'a1000000-0000-0000-0000-000000000001', '10001002', 'Ana',       'Gû°mez',     '3001000002', 'ana.gomez@email.com'),
('b1000000-0000-0000-0000-000000000003', 'a1000000-0000-0000-0000-000000000001', '10001003', 'Luis',      'Torres',    '3001000003', 'luis.torres@email.com'),
('b1000000-0000-0000-0000-000000000004', 'a1000000-0000-0000-0000-000000000001', '10001004', 'MarûÙa',     'Herrera',   '3001000004', 'maria.herrera@email.com'),
('b1000000-0000-0000-0000-000000000005', 'a1000000-0000-0000-0000-000000000002', '10001005', 'SofûÙa',     'MartûÙnez',  '3001000005', 'sofia.martinez@email.com'),
('b1000000-0000-0000-0000-000000000006', 'a1000000-0000-0000-0000-000000000001', '10001006', 'Jorge',     'Pûˋrez',     '3001000006', 'jorge.perez@email.com'),
('b1000000-0000-0000-0000-000000000007', 'a1000000-0000-0000-0000-000000000003', '10001007', 'Valentina', 'Cruz',      '3001000007', 'valentina.cruz@email.com'),
('b1000000-0000-0000-0000-000000000008', 'a1000000-0000-0000-0000-000000000001', '10001008', 'Diego',     'Vargas',    '3001000008', 'diego.vargas@email.com'),
('b1000000-0000-0000-0000-000000000009', 'a1000000-0000-0000-0000-000000000004', '10001009', 'LucûÙa',     'Moreno',    '3001000009', 'lucia.moreno@email.com'),
('b1000000-0000-0000-0000-000000000010', 'a1000000-0000-0000-0000-000000000001', '10001010', 'Andrûˋs',    'Jimûˋnez',   '3001000010', 'andres.jimenez@email.com');



-- 3. file

INSERT INTO file (id, person_id, file_name, file_path, file_type, file_size) VALUES
('c1000000-0000-0000-0000-000000000001', 'b1000000-0000-0000-0000-000000000001', 'cedula_carlos.pdf',      '/files/docs/cedula_carlos.pdf',      'application/pdf', 204800),
('c1000000-0000-0000-0000-000000000002', 'b1000000-0000-0000-0000-000000000002', 'cedula_ana.pdf',         '/files/docs/cedula_ana.pdf',         'application/pdf', 198400),
('c1000000-0000-0000-0000-000000000003', 'b1000000-0000-0000-0000-000000000003', 'foto_luis.jpg',          '/files/imgs/foto_luis.jpg',          'image/jpeg',       51200),
('c1000000-0000-0000-0000-000000000004', 'b1000000-0000-0000-0000-000000000004', 'contrato_maria.pdf',     '/files/docs/contrato_maria.pdf',     'application/pdf', 512000),
('c1000000-0000-0000-0000-000000000005', 'b1000000-0000-0000-0000-000000000005', 'foto_sofia.png',         '/files/imgs/foto_sofia.png',         'image/png',        76800),
('c1000000-0000-0000-0000-000000000006', 'b1000000-0000-0000-0000-000000000006', 'cedula_jorge.pdf',       '/files/docs/cedula_jorge.pdf',       'application/pdf', 220000),
('c1000000-0000-0000-0000-000000000007', 'b1000000-0000-0000-0000-000000000007', 'pasaporte_valentina.pdf','/files/docs/pasaporte_valentina.pdf', 'application/pdf', 340000),
('c1000000-0000-0000-0000-000000000008', 'b1000000-0000-0000-0000-000000000008', 'foto_diego.jpg',         '/files/imgs/foto_diego.jpg',         'image/jpeg',       62000),
('c1000000-0000-0000-0000-000000000009', 'b1000000-0000-0000-0000-000000000009', 'pasaporte_lucia.pdf',    '/files/docs/pasaporte_lucia.pdf',    'application/pdf', 410000),
('c1000000-0000-0000-0000-000000000010', 'b1000000-0000-0000-0000-000000000010', 'cedula_andres.pdf',      '/files/docs/cedula_andres.pdf',      'application/pdf', 195000);



-- 4. user  (password = hash bcrypt vûÀlido, longitud >= 60)

INSERT INTO "user" (id, person_id, username, password) VALUES
('d1000000-0000-0000-0000-000000000001', 'b1000000-0000-0000-0000-000000000001', 'carlos.ramirez',  '$2b$12$KIXoWz6z1QwF3s5Ht1uFpOe0RkL9MnVdYqT7aXgN2cJsB4Dv8WuGm'),
('d1000000-0000-0000-0000-000000000002', 'b1000000-0000-0000-0000-000000000002', 'ana.gomez',       '$2b$12$LJYpXa7a2RxG4t6Iu2vGqPf1SlM0NoWeZrU8bYhO3dKtC5Ew9XvHn'),
('d1000000-0000-0000-0000-000000000003', 'b1000000-0000-0000-0000-000000000003', 'luis.torres',     '$2b$12$MKZqYb8b3SyH5u7Jv3wHrQg2TmN1OpXfAsV9cZiP4eLuD6Fx0YwIo'),
('d1000000-0000-0000-0000-000000000004', 'b1000000-0000-0000-0000-000000000004', 'maria.herrera',   '$2b$12$NLArZc9c4TzI6v8Kw4xIsRh3UnO2PqYgBtW0dAjQ5fMvE7Gy1ZxJp'),
('d1000000-0000-0000-0000-000000000005', 'b1000000-0000-0000-0000-000000000005', 'sofia.martinez',  '$2b$12$OMBsAd0d5UAJ7w9Lx5yJtSi4VoP3QrZhCuX1eBkR6gNwF8Hz2AyKq'),
('d1000000-0000-0000-0000-000000000006', 'b1000000-0000-0000-0000-000000000006', 'jorge.perez',     '$2b$12$PNCsBe1e6VBK8x0My6zKuTj5WpQ4RsAiDvY2fClS7hOxG9Ia3BzLr'),
('d1000000-0000-0000-0000-000000000007', 'b1000000-0000-0000-0000-000000000007', 'valentina.cruz',  '$2b$12$QODtCf2f7WCL9y1Nz7aLvUk6XqR5StBjEwZ3gDmT8iPyH0Jb4CaMs'),
('d1000000-0000-0000-0000-000000000008', 'b1000000-0000-0000-0000-000000000008', 'diego.vargas',    '$2b$12$RPEuDg3g8XDM0z2Oa8bMwVl7YrS6TuCkFxA4hEnU9jQzI1Kc5DbNt'),
('d1000000-0000-0000-0000-000000000009', 'b1000000-0000-0000-0000-000000000009', 'lucia.moreno',    '$2b$12$SQFvEh4h9YEN1a3Pb9cNxWm8ZsT7UvDlGyB5iFoV0kRaJ2Ld6EcOu'),
('d1000000-0000-0000-0000-000000000010', 'b1000000-0000-0000-0000-000000000010', 'andres.jimenez',  '$2b$12$TRGwFi5i0ZFO2b4Qc0dOyXn9AtU8VwEmHzC6jGpW1lSbK3Me7FdPv');



-- 5. role

INSERT INTO role (id, name, description) VALUES
('e1000000-0000-0000-0000-000000000001', 'Administrador', 'Acceso total al sistema'),
('e1000000-0000-0000-0000-000000000002', 'Cajero',        'Gestiû°n de ventas y pagos'),
('e1000000-0000-0000-0000-000000000003', 'Inventarista',  'Gestiû°n de productos e inventario'),
('e1000000-0000-0000-0000-000000000004', 'Supervisor',    'Supervisiû°n de operaciones'),
('e1000000-0000-0000-0000-000000000005', 'Facturador',    'Emisiû°n y gestiû°n de facturas'),
('e1000000-0000-0000-0000-000000000006', 'Auditor',       'Solo lectura para auditorûÙa'),
('e1000000-0000-0000-0000-000000000007', 'Soporte',       'Soporte tûˋcnico del sistema'),
('e1000000-0000-0000-0000-000000000008', 'Vendedor',      'Registro de pedidos y ventas'),
('e1000000-0000-0000-0000-000000000009', 'Reportes',      'Generaciû°n y consulta de reportes'),
('e1000000-0000-0000-0000-000000000010', 'Proveedor',     'Consulta de productos y pedidos');



-- 6. module

INSERT INTO module (id, name, description, icon, route, sort_order) VALUES
('f1000000-0000-0000-0000-000000000001', 'Seguridad',    'Gestiû°n de usuarios y roles',      'lock',          '/seguridad',   1),
('f1000000-0000-0000-0000-000000000002', 'ParûÀmetros',   'Configuraciû°n general del sistema', 'settings',     '/parametros',  2),
('f1000000-0000-0000-0000-000000000003', 'Inventario',   'Control de productos y stock',      'inventory',    '/inventario',  3),
('f1000000-0000-0000-0000-000000000004', 'Ventas',       'Pedidos y û°rdenes de clientes',     'shopping_cart','/ventas',      4),
('f1000000-0000-0000-0000-000000000005', 'Facturaciû°n',  'Emisiû°n de facturas y pagos',       'receipt',      '/facturacion', 5),
('f1000000-0000-0000-0000-000000000006', 'Reportes',     'Reportes y estadûÙsticas',           'bar_chart',    '/reportes',    6),
('f1000000-0000-0000-0000-000000000007', 'Clientes',     'Gestiû°n de clientes',               'people',       '/clientes',    7),
('f1000000-0000-0000-0000-000000000008', 'Proveedores',  'Gestiû°n de proveedores',            'local_shipping','/proveedores', 8),
('f1000000-0000-0000-0000-000000000009', 'CategorûÙas',   'CategorûÙas de productos',           'category',     '/categorias',  9),
('f1000000-0000-0000-0000-000000000010', 'Archivos',     'Gestiû°n de archivos y documentos',  'folder',       '/archivos',   10);



-- 7. system_view

INSERT INTO system_view (id, name, description, route, sort_order) VALUES
('aa000000-0000-0000-0000-000000000001', 'Lista de Usuarios',  'Ver todos los usuarios',       '/seguridad/usuarios',         1),
('aa000000-0000-0000-0000-000000000002', 'Crear Usuario',      'Formulario de nuevo usuario',  '/seguridad/usuarios/nuevo',   2),
('aa000000-0000-0000-0000-000000000003', 'Lista de Roles',     'Ver todos los roles',          '/seguridad/roles',            3),
('aa000000-0000-0000-0000-000000000004', 'Lista de Productos', 'Ver catûÀlogo de productos',    '/inventario/productos',       4),
('aa000000-0000-0000-0000-000000000005', 'Crear Producto',     'Formulario de nuevo producto', '/inventario/productos/nuevo', 5),
('aa000000-0000-0000-0000-000000000006', 'Stock Actual',       'Ver niveles de inventario',    '/inventario/stock',           6),
('aa000000-0000-0000-0000-000000000007', 'Lista de ûrdenes',   'Ver todas las û°rdenes',        '/ventas/ordenes',             7),
('aa000000-0000-0000-0000-000000000008', 'Nueva Orden',        'Crear una nueva orden',        '/ventas/ordenes/nueva',       8),
('aa000000-0000-0000-0000-000000000009', 'Lista de Facturas',  'Ver todas las facturas',       '/facturacion/facturas',       9),
('aa000000-0000-0000-0000-000000000010', 'Registrar Pago',     'Registrar un pago de factura', '/facturacion/pagos/nuevo',   10);



-- 8. user_role

INSERT INTO user_role (id, user_id, role_id) VALUES
('ab000000-0000-0000-0000-000000000001', 'd1000000-0000-0000-0000-000000000001', 'e1000000-0000-0000-0000-000000000001'),
('ab000000-0000-0000-0000-000000000002', 'd1000000-0000-0000-0000-000000000002', 'e1000000-0000-0000-0000-000000000002'),
('ab000000-0000-0000-0000-000000000003', 'd1000000-0000-0000-0000-000000000003', 'e1000000-0000-0000-0000-000000000003'),
('ab000000-0000-0000-0000-000000000004', 'd1000000-0000-0000-0000-000000000004', 'e1000000-0000-0000-0000-000000000004'),
('ab000000-0000-0000-0000-000000000005', 'd1000000-0000-0000-0000-000000000005', 'e1000000-0000-0000-0000-000000000005'),
('ab000000-0000-0000-0000-000000000006', 'd1000000-0000-0000-0000-000000000006', 'e1000000-0000-0000-0000-000000000006'),
('ab000000-0000-0000-0000-000000000007', 'd1000000-0000-0000-0000-000000000007', 'e1000000-0000-0000-0000-000000000007'),
('ab000000-0000-0000-0000-000000000008', 'd1000000-0000-0000-0000-000000000008', 'e1000000-0000-0000-0000-000000000008'),
('ab000000-0000-0000-0000-000000000009', 'd1000000-0000-0000-0000-000000000009', 'e1000000-0000-0000-0000-000000000009'),
('ab000000-0000-0000-0000-000000000010', 'd1000000-0000-0000-0000-000000000010', 'e1000000-0000-0000-0000-000000000010');



-- 9. role_module

INSERT INTO role_module (id, role_id, module_id, can_read, can_write, can_delete) VALUES
('ac000000-0000-0000-0000-000000000001', 'e1000000-0000-0000-0000-000000000001', 'f1000000-0000-0000-0000-000000000001', TRUE,  TRUE,  TRUE),
('ac000000-0000-0000-0000-000000000002', 'e1000000-0000-0000-0000-000000000002', 'f1000000-0000-0000-0000-000000000004', TRUE,  TRUE,  FALSE),
('ac000000-0000-0000-0000-000000000003', 'e1000000-0000-0000-0000-000000000002', 'f1000000-0000-0000-0000-000000000005', TRUE,  TRUE,  FALSE),
('ac000000-0000-0000-0000-000000000004', 'e1000000-0000-0000-0000-000000000003', 'f1000000-0000-0000-0000-000000000003', TRUE,  TRUE,  FALSE),
('ac000000-0000-0000-0000-000000000005', 'e1000000-0000-0000-0000-000000000004', 'f1000000-0000-0000-0000-000000000006', TRUE,  FALSE, FALSE),
('ac000000-0000-0000-0000-000000000006', 'e1000000-0000-0000-0000-000000000005', 'f1000000-0000-0000-0000-000000000005', TRUE,  TRUE,  FALSE),
('ac000000-0000-0000-0000-000000000007', 'e1000000-0000-0000-0000-000000000006', 'f1000000-0000-0000-0000-000000000006', TRUE,  FALSE, FALSE),
('ac000000-0000-0000-0000-000000000008', 'e1000000-0000-0000-0000-000000000007', 'f1000000-0000-0000-0000-000000000001', TRUE,  FALSE, FALSE),
('ac000000-0000-0000-0000-000000000009', 'e1000000-0000-0000-0000-000000000008', 'f1000000-0000-0000-0000-000000000004', TRUE,  TRUE,  FALSE),
('ac000000-0000-0000-0000-000000000010', 'e1000000-0000-0000-0000-000000000009', 'f1000000-0000-0000-0000-000000000006', TRUE,  FALSE, FALSE);



-- 10. module_view

INSERT INTO module_view (id, module_id, view_id) VALUES
('ad000000-0000-0000-0000-000000000001', 'f1000000-0000-0000-0000-000000000001', 'aa000000-0000-0000-0000-000000000001'),
('ad000000-0000-0000-0000-000000000002', 'f1000000-0000-0000-0000-000000000001', 'aa000000-0000-0000-0000-000000000002'),
('ad000000-0000-0000-0000-000000000003', 'f1000000-0000-0000-0000-000000000001', 'aa000000-0000-0000-0000-000000000003'),
('ad000000-0000-0000-0000-000000000004', 'f1000000-0000-0000-0000-000000000003', 'aa000000-0000-0000-0000-000000000004'),
('ad000000-0000-0000-0000-000000000005', 'f1000000-0000-0000-0000-000000000003', 'aa000000-0000-0000-0000-000000000005'),
('ad000000-0000-0000-0000-000000000006', 'f1000000-0000-0000-0000-000000000003', 'aa000000-0000-0000-0000-000000000006'),
('ad000000-0000-0000-0000-000000000007', 'f1000000-0000-0000-0000-000000000004', 'aa000000-0000-0000-0000-000000000007'),
('ad000000-0000-0000-0000-000000000008', 'f1000000-0000-0000-0000-000000000004', 'aa000000-0000-0000-0000-000000000008'),
('ad000000-0000-0000-0000-000000000009', 'f1000000-0000-0000-0000-000000000005', 'aa000000-0000-0000-0000-000000000009'),
('ad000000-0000-0000-0000-000000000010', 'f1000000-0000-0000-0000-000000000005', 'aa000000-0000-0000-0000-000000000010');



-- 11. category

INSERT INTO category (id, name, description) VALUES
('ae000000-0000-0000-0000-000000000001', 'Bebidas Calientes',  'Cafûˋ, tûˋ, chocolate y similares'),
('ae000000-0000-0000-0000-000000000002', 'Bebidas FrûÙas',      'Jugos, frappûˋs y bebidas heladas'),
('ae000000-0000-0000-0000-000000000003', 'PanaderûÙa',          'Pan artesanal, croissants y similares'),
('ae000000-0000-0000-0000-000000000004', 'PastelerûÙa',         'Tortas, muffins y postres'),
('ae000000-0000-0000-0000-000000000005', 'Desayunos',          'Combos y platos de desayuno'),
('ae000000-0000-0000-0000-000000000006', 'Snacks',             'Galletas, barras y pasabocas'),
('ae000000-0000-0000-0000-000000000007', 'Ensaladas',          'Ensaladas frescas y bowls'),
('ae000000-0000-0000-0000-000000000008', 'SûÀndwiches',         'SûÀndwiches y wraps'),
('ae000000-0000-0000-0000-000000000009', 'Helados',            'Helados y sorbetes'),
('ae000000-0000-0000-0000-000000000010', 'Especiales del DûÙa', 'Productos rotativos del dûÙa');


-- 12. supplier

INSERT INTO supplier (id, person_id, company) VALUES
('af000000-0000-0000-0000-000000000001', 'b1000000-0000-0000-0000-000000000001', 'Cafûˋ Colombia S.A.S'),
('af000000-0000-0000-0000-000000000002', 'b1000000-0000-0000-0000-000000000002', 'LûÀcteos del Valle'),
('af000000-0000-0000-0000-000000000003', 'b1000000-0000-0000-0000-000000000003', 'PanaderûÙa Artesanal Norte'),
('af000000-0000-0000-0000-000000000004', 'b1000000-0000-0000-0000-000000000004', 'Frutas y Verduras Express'),
('af000000-0000-0000-0000-000000000005', 'b1000000-0000-0000-0000-000000000005', 'Distribuidora Dulce Vida'),
('af000000-0000-0000-0000-000000000006', 'b1000000-0000-0000-0000-000000000006', 'Importadora Grano de Oro'),
('af000000-0000-0000-0000-000000000007', 'b1000000-0000-0000-0000-000000000007', 'Bebidas Naturales S.A'),
('af000000-0000-0000-0000-000000000008', 'b1000000-0000-0000-0000-000000000008', 'Helados Polar Ltda'),
('af000000-0000-0000-0000-000000000009', 'b1000000-0000-0000-0000-000000000009', 'Snacks & Co'),
('af000000-0000-0000-0000-000000000010', 'b1000000-0000-0000-0000-000000000010', 'Insumos CafeterûÙa Total');



-- 13. product

INSERT INTO product (id, category_id, supplier_id, name, unit_price, unit) VALUES
('b0000000-0000-0000-0000-000000000001', 'ae000000-0000-0000-0000-000000000001', 'af000000-0000-0000-0000-000000000001', 'Cafûˋ Espresso',           3500.00, 'unidad'),
('b0000000-0000-0000-0000-000000000002', 'ae000000-0000-0000-0000-000000000001', 'af000000-0000-0000-0000-000000000002', 'Capuchino',               4500.00, 'unidad'),
('b0000000-0000-0000-0000-000000000003', 'ae000000-0000-0000-0000-000000000002', 'af000000-0000-0000-0000-000000000007', 'Jugo de Naranja',         4000.00, 'mililitro'),
('b0000000-0000-0000-0000-000000000004', 'ae000000-0000-0000-0000-000000000003', 'af000000-0000-0000-0000-000000000003', 'Croissant de Mantequilla',3200.00, 'unidad'),
('b0000000-0000-0000-0000-000000000005', 'ae000000-0000-0000-0000-000000000004', 'af000000-0000-0000-0000-000000000005', 'Muffin de ArûÀndanos',     3800.00, 'unidad'),
('b0000000-0000-0000-0000-000000000006', 'ae000000-0000-0000-0000-000000000005', 'af000000-0000-0000-0000-000000000004', 'Desayuno Ejecutivo',     15000.00, 'porcion'),
('b0000000-0000-0000-0000-000000000007', 'ae000000-0000-0000-0000-000000000006', 'af000000-0000-0000-0000-000000000009', 'Brownie de Chocolate',    3500.00, 'unidad'),
('b0000000-0000-0000-0000-000000000008', 'ae000000-0000-0000-0000-000000000008', 'af000000-0000-0000-0000-000000000010', 'SûÀndwich Club',          10000.00, 'unidad'),
('b0000000-0000-0000-0000-000000000009', 'ae000000-0000-0000-0000-000000000009', 'af000000-0000-0000-0000-000000000008', 'Helado de Vainilla',      4500.00, 'porcion'),
('b0000000-0000-0000-0000-000000000010', 'ae000000-0000-0000-0000-000000000002', 'af000000-0000-0000-0000-000000000007', 'Frappûˋ de Caramelo',      7000.00, 'mililitro');



-- 14. inventory

INSERT INTO inventory (id, product_id, quantity, min_stock, max_stock) VALUES
('c0000000-0000-0000-0000-000000000001', 'b0000000-0000-0000-0000-000000000001', 150.000, 20.000, 300.000),
('c0000000-0000-0000-0000-000000000002', 'b0000000-0000-0000-0000-000000000002', 120.000, 15.000, 250.000),
('c0000000-0000-0000-0000-000000000003', 'b0000000-0000-0000-0000-000000000003', 200.000, 30.000, 500.000),
('c0000000-0000-0000-0000-000000000004', 'b0000000-0000-0000-0000-000000000004',  80.000, 10.000, 150.000),
('c0000000-0000-0000-0000-000000000005', 'b0000000-0000-0000-0000-000000000005',  60.000,  8.000, 120.000),
('c0000000-0000-0000-0000-000000000006', 'b0000000-0000-0000-0000-000000000006',  40.000,  5.000,  80.000),
('c0000000-0000-0000-0000-000000000007', 'b0000000-0000-0000-0000-000000000007',  90.000, 10.000, 200.000),
('c0000000-0000-0000-0000-000000000008', 'b0000000-0000-0000-0000-000000000008',  50.000,  5.000, 100.000),
('c0000000-0000-0000-0000-000000000009', 'b0000000-0000-0000-0000-000000000009',  70.000, 10.000, 150.000),
('c0000000-0000-0000-0000-000000000010', 'b0000000-0000-0000-0000-000000000010', 100.000, 15.000, 200.000);



-- 15. person

INSERT INTO person (id, type_document_id, document_number, first_name, last_name, phone, email) VALUES
('d0000000-0000-0000-0000-000000000001', 'a1000000-0000-0000-0000-000000000001', '20002001', 'Paola',     'RûÙos',      '3102000001', 'paola.rios@email.com'),
('d0000000-0000-0000-0000-000000000002', 'a1000000-0000-0000-0000-000000000001', '20002002', 'Felipe',    'SuûÀrez',    '3102000002', 'felipe.suarez@email.com'),
('d0000000-0000-0000-0000-000000000003', 'a1000000-0000-0000-0000-000000000001', '20002003', 'Natalia',   'Ospina',    '3102000003', 'natalia.ospina@email.com'),
('d0000000-0000-0000-0000-000000000004', 'a1000000-0000-0000-0000-000000000001', '20002004', 'SebastiûÀn', 'CûÀrdenas',  '3102000004', 'sebastian.cardenas@email.com'),
('d0000000-0000-0000-0000-000000000005', 'a1000000-0000-0000-0000-000000000002', '20002005', 'Daniela',   'Bermû¤dez',  '3102000005', 'daniela.bermudez@email.com'),
('d0000000-0000-0000-0000-000000000006', 'a1000000-0000-0000-0000-000000000001', '20002006', 'Camilo',    'Reyes',     '3102000006', 'camilo.reyes@email.com'),
('d0000000-0000-0000-0000-000000000007', 'a1000000-0000-0000-0000-000000000001', '20002007', 'Isabella',  'Salcedo',   '3102000007', 'isabella.salcedo@email.com'),
('d0000000-0000-0000-0000-000000000008', 'a1000000-0000-0000-0000-000000000003', '20002008', 'TomûÀs',     'Gutiûˋrrez', '3102000008', 'tomas.gutierrez@email.com'),
('d0000000-0000-0000-0000-000000000009', 'a1000000-0000-0000-0000-000000000001', '20002009', 'Valeria',   'MejûÙa',     '3102000009', 'valeria.mejia@email.com'),
('d0000000-0000-0000-0000-000000000010', 'a1000000-0000-0000-0000-000000000004', '20002010', 'Mateo',     'LondoûÝo',   '3102000010', 'mateo.londono@email.com');



-- 16. customer

INSERT INTO customer (id, person_id) VALUES
('e0000000-0000-0000-0000-000000000001', 'd0000000-0000-0000-0000-000000000001'),
('e0000000-0000-0000-0000-000000000002', 'd0000000-0000-0000-0000-000000000002'),
('e0000000-0000-0000-0000-000000000003', 'd0000000-0000-0000-0000-000000000003'),
('e0000000-0000-0000-0000-000000000004', 'd0000000-0000-0000-0000-000000000004'),
('e0000000-0000-0000-0000-000000000005', 'd0000000-0000-0000-0000-000000000005'),
('e0000000-0000-0000-0000-000000000006', 'd0000000-0000-0000-0000-000000000006'),
('e0000000-0000-0000-0000-000000000007', 'd0000000-0000-0000-0000-000000000007'),
('e0000000-0000-0000-0000-000000000008', 'd0000000-0000-0000-0000-000000000008'),
('e0000000-0000-0000-0000-000000000009', 'd0000000-0000-0000-0000-000000000009'),
('e0000000-0000-0000-0000-000000000010', 'd0000000-0000-0000-0000-000000000010');



-- 17. method_payment

INSERT INTO method_payment (id, name, description) VALUES
('f0000000-0000-0000-0000-000000000001', 'Efectivo',         'Pago en efectivo'),
('f0000000-0000-0000-0000-000000000002', 'Tarjeta Dûˋbito',   'Pago con tarjeta dûˋbito'),
('f0000000-0000-0000-0000-000000000003', 'Tarjeta Crûˋdito',  'Pago con tarjeta crûˋdito'),
('f0000000-0000-0000-0000-000000000004', 'Transferencia',    'Transferencia bancaria'),
('f0000000-0000-0000-0000-000000000005', 'Nequi',            'Pago por Nequi'),
('f0000000-0000-0000-0000-000000000006', 'Daviplata',        'Pago por Daviplata'),
('f0000000-0000-0000-0000-000000000007', 'PSE',              'Pago por PSE'),
('f0000000-0000-0000-0000-000000000008', 'Bono Regalo',      'Pago con bono de regalo'),
('f0000000-0000-0000-0000-000000000009', 'QR Bancolombia',   'Pago con QR de Bancolombia'),
('f0000000-0000-0000-0000-000000000010', 'Convenio Empresa', 'Pago por convenio corporativo');


-- 18. order

INSERT INTO "order" (id, customer_id, method_payment_id, order_status) VALUES
('10000000-0000-0000-0000-000000000001', 'e0000000-0000-0000-0000-000000000001', 'f0000000-0000-0000-0000-000000000001', 'delivered'),
('10000000-0000-0000-0000-000000000002', 'e0000000-0000-0000-0000-000000000002', 'f0000000-0000-0000-0000-000000000002', 'delivered'),
('10000000-0000-0000-0000-000000000003', 'e0000000-0000-0000-0000-000000000003', 'f0000000-0000-0000-0000-000000000003', 'delivered'),
('10000000-0000-0000-0000-000000000004', 'e0000000-0000-0000-0000-000000000004', 'f0000000-0000-0000-0000-000000000005', 'delivered'),
('10000000-0000-0000-0000-000000000005', 'e0000000-0000-0000-0000-000000000005', 'f0000000-0000-0000-0000-000000000001', 'delivered'),
('10000000-0000-0000-0000-000000000006', 'e0000000-0000-0000-0000-000000000006', 'f0000000-0000-0000-0000-000000000004', 'delivered'),
('10000000-0000-0000-0000-000000000007', 'e0000000-0000-0000-0000-000000000007', 'f0000000-0000-0000-0000-000000000002', 'delivered'),
('10000000-0000-0000-0000-000000000008', 'e0000000-0000-0000-0000-000000000008', 'f0000000-0000-0000-0000-000000000006', 'delivered'),
('10000000-0000-0000-0000-000000000009', 'e0000000-0000-0000-0000-000000000009', 'f0000000-0000-0000-0000-000000000003', 'delivered'),
('10000000-0000-0000-0000-000000000010', 'e0000000-0000-0000-0000-000000000010', 'f0000000-0000-0000-0000-000000000001', 'delivered');



-- 19. order_item
-- (El trigger recalcula order.total automûÀticamente)

INSERT INTO order_item (id, order_id, product_id, quantity, unit_price) VALUES
('20000000-0000-0000-0000-000000000001', '10000000-0000-0000-0000-000000000001', 'b0000000-0000-0000-0000-000000000001', 2.000,  3500.00),
('20000000-0000-0000-0000-000000000002', '10000000-0000-0000-0000-000000000002', 'b0000000-0000-0000-0000-000000000002', 1.000,  4500.00),
('20000000-0000-0000-0000-000000000003', '10000000-0000-0000-0000-000000000003', 'b0000000-0000-0000-0000-000000000004', 3.000,  3200.00),
('20000000-0000-0000-0000-000000000004', '10000000-0000-0000-0000-000000000004', 'b0000000-0000-0000-0000-000000000005', 2.000,  3800.00),
('20000000-0000-0000-0000-000000000005', '10000000-0000-0000-0000-000000000005', 'b0000000-0000-0000-0000-000000000006', 1.000, 15000.00),
('20000000-0000-0000-0000-000000000006', '10000000-0000-0000-0000-000000000006', 'b0000000-0000-0000-0000-000000000007', 4.000,  3500.00),
('20000000-0000-0000-0000-000000000007', '10000000-0000-0000-0000-000000000007', 'b0000000-0000-0000-0000-000000000008', 2.000, 10000.00),
('20000000-0000-0000-0000-000000000008', '10000000-0000-0000-0000-000000000008', 'b0000000-0000-0000-0000-000000000009', 3.000,  4500.00),
('20000000-0000-0000-0000-000000000009', '10000000-0000-0000-0000-000000000009', 'b0000000-0000-0000-0000-000000000010', 2.000,  7000.00),
('20000000-0000-0000-0000-000000000010', '10000000-0000-0000-0000-000000000010', 'b0000000-0000-0000-0000-000000000003', 1.000,  4000.00);



-- 20. invoice
-- customer_id debe coincidir con el de la orden (validado por trigger)

INSERT INTO invoice (id, order_id, customer_id, invoice_number, total) VALUES
('30000000-0000-0000-0000-000000000001', '10000000-0000-0000-0000-000000000001', 'e0000000-0000-0000-0000-000000000001', 'FAC-2024-0001',  7000.00),
('30000000-0000-0000-0000-000000000002', '10000000-0000-0000-0000-000000000002', 'e0000000-0000-0000-0000-000000000002', 'FAC-2024-0002',  4500.00),
('30000000-0000-0000-0000-000000000003', '10000000-0000-0000-0000-000000000003', 'e0000000-0000-0000-0000-000000000003', 'FAC-2024-0003',  9600.00),
('30000000-0000-0000-0000-000000000004', '10000000-0000-0000-0000-000000000004', 'e0000000-0000-0000-0000-000000000004', 'FAC-2024-0004',  7600.00),
('30000000-0000-0000-0000-000000000005', '10000000-0000-0000-0000-000000000005', 'e0000000-0000-0000-0000-000000000005', 'FAC-2024-0005', 15000.00),
('30000000-0000-0000-0000-000000000006', '10000000-0000-0000-0000-000000000006', 'e0000000-0000-0000-0000-000000000006', 'FAC-2024-0006', 14000.00),
('30000000-0000-0000-0000-000000000007', '10000000-0000-0000-0000-000000000007', 'e0000000-0000-0000-0000-000000000007', 'FAC-2024-0007', 20000.00),
('30000000-0000-0000-0000-000000000008', '10000000-0000-0000-0000-000000000008', 'e0000000-0000-0000-0000-000000000008', 'FAC-2024-0008', 13500.00),
('30000000-0000-0000-0000-000000000009', '10000000-0000-0000-0000-000000000009', 'e0000000-0000-0000-0000-000000000009', 'FAC-2024-0009', 14000.00),
('30000000-0000-0000-0000-000000000010', '10000000-0000-0000-0000-000000000010', 'e0000000-0000-0000-0000-000000000010', 'FAC-2024-0010',  4000.00);



-- 21. invoice_item

INSERT INTO invoice_item (id, invoice_id, product_id, quantity, unit_price) VALUES
('40000000-0000-0000-0000-000000000001', '30000000-0000-0000-0000-000000000001', 'b0000000-0000-0000-0000-000000000001', 2.000,  3500.00),
('40000000-0000-0000-0000-000000000002', '30000000-0000-0000-0000-000000000002', 'b0000000-0000-0000-0000-000000000002', 1.000,  4500.00),
('40000000-0000-0000-0000-000000000003', '30000000-0000-0000-0000-000000000003', 'b0000000-0000-0000-0000-000000000004', 3.000,  3200.00),
('40000000-0000-0000-0000-000000000004', '30000000-0000-0000-0000-000000000004', 'b0000000-0000-0000-0000-000000000005', 2.000,  3800.00),
('40000000-0000-0000-0000-000000000005', '30000000-0000-0000-0000-000000000005', 'b0000000-0000-0000-0000-000000000006', 1.000, 15000.00),
('40000000-0000-0000-0000-000000000006', '30000000-0000-0000-0000-000000000006', 'b0000000-0000-0000-0000-000000000007', 4.000,  3500.00),
('40000000-0000-0000-0000-000000000007', '30000000-0000-0000-0000-000000000007', 'b0000000-0000-0000-0000-000000000008', 2.000, 10000.00),
('40000000-0000-0000-0000-000000000008', '30000000-0000-0000-0000-000000000008', 'b0000000-0000-0000-0000-000000000009', 3.000,  4500.00),
('40000000-0000-0000-0000-000000000009', '30000000-0000-0000-0000-000000000009', 'b0000000-0000-0000-0000-000000000010', 2.000,  7000.00),
('40000000-0000-0000-0000-000000000010', '30000000-0000-0000-0000-000000000010', 'b0000000-0000-0000-0000-000000000003', 1.000,  4000.00);



-- 22. payment
-- (monto no supera el total de la factura ã validado por trigger)

INSERT INTO payment (id, invoice_id, method_payment_id, amount) VALUES
('50000000-0000-0000-0000-000000000001', '30000000-0000-0000-0000-000000000001', 'f0000000-0000-0000-0000-000000000001',  7000.00),
('50000000-0000-0000-0000-000000000002', '30000000-0000-0000-0000-000000000002', 'f0000000-0000-0000-0000-000000000002',  4500.00),
('50000000-0000-0000-0000-000000000003', '30000000-0000-0000-0000-000000000003', 'f0000000-0000-0000-0000-000000000003',  9600.00),
('50000000-0000-0000-0000-000000000004', '30000000-0000-0000-0000-000000000004', 'f0000000-0000-0000-0000-000000000005',  7600.00),
('50000000-0000-0000-0000-000000000005', '30000000-0000-0000-0000-000000000005', 'f0000000-0000-0000-0000-000000000001', 15000.00),
('50000000-0000-0000-0000-000000000006', '30000000-0000-0000-0000-000000000006', 'f0000000-0000-0000-0000-000000000004', 14000.00),
('50000000-0000-0000-0000-000000000007', '30000000-0000-0000-0000-000000000007', 'f0000000-0000-0000-0000-000000000002', 20000.00),
('50000000-0000-0000-0000-000000000008', '30000000-0000-0000-0000-000000000008', 'f0000000-0000-0000-0000-000000000006', 13500.00),
('50000000-0000-0000-0000-000000000009', '30000000-0000-0000-0000-000000000009', 'f0000000-0000-0000-0000-000000000003', 14000.00),
('50000000-0000-0000-0000-000000000010', '30000000-0000-0000-0000-000000000010', 'f0000000-0000-0000-0000-000000000001',  4000.00);